ScientistName,preparation,date,components,login,password
Ланчеков Алексей Тимофеевич,Зылорик,1489-05-21,Chemical_63 Chemical_71 Chemical_40,Ланчеков_АТ,xB2UVEAn5V
Ампипогов Михаил Юрьевич,Иммунивит,1664-02-17,Chemical_100 Chemical_6 Chemical_44,Ампипогов_МЮ,PIdldh2Ewg
Тюлюлюева Анна Яковлевна,Нитросорбид,1827-09-25,Chemical_18 Chemical_69 Chemical_93,Тюлюлюева_АЯ,EeJDaiUf7i
Неветруева Елена Эдуардовна,Гидрохлоротиазид,0902-11-21,Chemical_15 Chemical_82 Chemical_21,Неветруева_ЕЭ,Jjc376B2jh
Курочкин Руслан Аркадиевич,Золедроновая кислота,1389-01-05,Chemical_44 Chemical_62 Chemical_73,Курочкин_РА,RhM3d8PTa3
Рутковский Антон Кириллович,Бактрим,1327-01-22,Chemical_19 Chemical_27 Chemical_68,Рутковский_АК,0TK2Nffmwl
Шабунов Юрий Алексиевич,Парацетамол,0970-10-22,Chemical_41 Chemical_31 Chemical_39,Шабунов_ЮА,ESZPA8piGc
Кожетев Максим Аркадиевич,Алпразолам,1743-04-03,Chemical_26 Chemical_76 Chemical_16,Кожетев_МА,Dmn08e5xql
Хусаинов Антон Алексеевич,Росувастатин,0949-06-08,Chemical_89 Chemical_77 Chemical_35,Хусаинов_АА,AA1Jnr5oQx
Вендеров Никита Тимофеевич,Витамин С,1119-02-24,Chemical_43 Chemical_97 Chemical_3,Вендеров_НТ,H4H0ppJCDG
Дергунская Яна Эдуардовна,Колчицин,1909-04-19,Chemical_70 Chemical_7 Chemical_23,Дергунская_ЯЭ,U8dD3AkfPu
Заботнов Анатолий Максимович,Тианептин,1454-04-22,Chemical_75 Chemical_98 Chemical_63,Заботнов_АМ,zGGkTOtCW1
Рубинов Руслан Иванович,Рамиприл,1276-02-24,Chemical_38 Chemical_46 Chemical_16,Рубинов_РИ,6Zxmp0AEeg
Крючатов Ярослав Антонович,Миртазапин,1734-03-17,Chemical_51 Chemical_64 Chemical_70,Крючатов_ЯА,tepw0snHrF
Жебракова Полина Игоревна,Бисопролол,1886-02-19,Chemical_87 Chemical_27 Chemical_19,Жебракова_ПИ,MAztsy9i50
Данивецкая Виолетта Эдуардовна,Золедроновая кислота,1451-11-13,Chemical_37 Chemical_65 Chemical_92,Данивецкая_ВЭ,1uus4CGuIp
Мятлев Георгий Денисович,Азитромицин,1987-08-26,Chemical_16 Chemical_14 Chemical_48,Мятлев_ГД,PpAWy2Gl3H
Нетунаев Руслан Петрович,Клопидогрел,1969-06-01,Chemical_99 Chemical_87 Chemical_25,Нетунаев_РП,c2J6my6QbL
Аранышев Иван Юрьевич,Тианептин,1035-08-27,Chemical_56 Chemical_60 Chemical_53,Аранышев_ИЮ,EplnfifPc6
Курмелев Леонид Николаевич,Спазмалгон,1543-08-10,Chemical_44 Chemical_43 Chemical_15,Курмелев_ЛН,LgtddJNkM7
Арончикова Вероника Викторовна,Живина,2000-01-25,Chemical_22 Chemical_91 Chemical_60,Арончикова_ВВ,LuMpj5CTGH
Гизулина Галина Ивановна,Омепразол,1875-10-22,Chemical_9 Chemical_3 Chemical_59,Гизулина_ГИ,xsU8zkBnFR
Мразевский Артём Викторович,Диклофенак,1450-12-12,Chemical_98 Chemical_9 Chemical_50,Мразевский_АВ,d8Lzp854ux
Окладнова Алена Максимовна,Агонал,1765-03-28,Chemical_26 Chemical_32 Chemical_27,Окладнова_АМ,eL4NmRO8ey
Курыпина Анастасия Валерьевна,Золекс,1663-06-14,Chemical_1 Chemical_94 Chemical_63,Курыпина_АВ,X5nyRbrkK8
Алтамонов Борис Аркадиевич,Оланзапин,1215-11-17,Chemical_57 Chemical_81 Chemical_21,Алтамонов_БА,G4jjbjFtAR
Бардаева Анна Михайловна,Пароксетин,1368-03-04,Chemical_20 Chemical_65 Chemical_42,Бардаева_АМ,RL9MWTzXhJ
Родных Игорь Михаилович,Валидол,1123-03-07,Chemical_77 Chemical_45 Chemical_100,Родных_ИМ,5n6OxaSPDu
Маговский Константин Юриевич,Ацетилсалициловая кислота,1315-08-02,Chemical_73 Chemical_92 Chemical_9,Маговский_КЮ,4GVluxXX5K
Гергиев Олег Кириллович,Омепразол,1333-04-12,Chemical_6 Chemical_93 Chemical_45,Гергиев_ОК,Y4DOCrnIk1
Русалина Дарья Алексеевна,Ибупрофен,1390-11-03,Chemical_26 Chemical_30 Chemical_82,Русалина_ДА,If9DfSUFnW
Бухтулова Виктория Алексеевна,Бромгексин,1408-11-08,Chemical_72 Chemical_8 Chemical_45,Бухтулова_ВА,2genqoSACc
Сабаткоев Федор Викторович,Нимесулид,1531-01-04,Chemical_55 Chemical_67 Chemical_74,Сабаткоев_ФВ,1YdS48UEY8
Шмитов Никита Игоревич,Левофлоксацин,1817-07-04,Chemical_41 Chemical_81 Chemical_61,Шмитов_НИ,YCV2AyVx1n
Стенцова Лиза Петровна,Диклофенак,1261-11-17,Chemical_65 Chemical_13 Chemical_29,Стенцова_ЛП,elgAg1QVvB
Ярычевский Максим Евгеньевич,Глюкозамин,1106-01-17,Chemical_34 Chemical_86 Chemical_88,Ярычевский_МЕ,dDVp3VZ1tx
Шкваркин Федор Юрьевич,Тианептин,0929-07-27,Chemical_67 Chemical_56 Chemical_43,Шкваркин_ФЮ,1U2sKyLINs
Магусумова Ирина Олеговна,Дикарбазин,0991-07-16,Chemical_51 Chemical_15 Chemical_2,Магусумова_ИО,Hdnyb4orNW
Шаморкина Галина Федоровна,Кладрибин,1633-08-02,Chemical_61 Chemical_62 Chemical_48,Шаморкина_ГФ,l9aSmDGxjI
Цицеров Альберт Антонович,Небиволол,1820-01-05,Chemical_6 Chemical_48 Chemical_7,Цицеров_АА,9zTJ82ADjh
Улерьянова Ксения Евгеньевна,Диклофенак,1523-11-17,Chemical_1 Chemical_14 Chemical_96,Улерьянова_КЕ,QUBp2j0EaZ
Ханмурзина Карина Игоревна,Енап,1309-08-18,Chemical_21 Chemical_1 Chemical_34,Ханмурзина_КИ,u4RfDFZbxX
Гарская Евгения Никитична,Пилипен,1983-11-20,Chemical_2 Chemical_15 Chemical_11,Гарская_ЕН,miU53CP34O
Гнетнев Григорий Денисович,Евалар солгар мультивитамини,1074-07-16,Chemical_12 Chemical_69 Chemical_99,Гнетнев_ГД,sTEIHmc4TY
Бельцов Алексей Яковлевич,Ретардин,2011-04-09,Chemical_2 Chemical_23 Chemical_92,Бельцов_АЯ,T5KFLEpxtb
Федурин Владимир Алексеевич,Амитриптилин,0982-10-20,Chemical_5 Chemical_75 Chemical_78,Федурин_ВА,V0Zv7UWVHb
Акацков Анатолий Кириллович,Бетаин,1567-02-19,Chemical_73 Chemical_17 Chemical_48,Акацков_АК,USiV3fFDmQ
Кумакова Жанна Борисовна,Лоразепам,1605-07-21,Chemical_70 Chemical_36 Chemical_6,Кумакова_ЖБ,TIdZLphB1C
Кобызева Ольга Андреевна,Лантус,1198-01-23,Chemical_25 Chemical_64 Chemical_89,Кобызева_ОА,SsiENm7Dz6
Кимятов Владимир Евгеньевич,Дектанол,1854-12-15,Chemical_43 Chemical_98 Chemical_34,Кимятов_ВЕ,UWjq21HDbX
Милавина Виолетта Аркадьевна,Росувастатин,1215-12-04,Chemical_40 Chemical_57 Chemical_47,Милавина_ВА,Uq7RkiuoJp
Манетов Павел Павлович,Бисакодил,0969-07-05,Chemical_11 Chemical_13 Chemical_51,Манетов_ПП,CJG9nebHQr
Сайдакова Людмила Вадимовна,Мелоксикам,1620-02-12,Chemical_3 Chemical_23 Chemical_56,Сайдакова_ЛВ,V4QLBexhJJ
Туржанский Семён Антонович,Уоллтапс,1042-06-13,Chemical_18 Chemical_78 Chemical_92,Туржанский_СА,ke3agIULPe
Цыпушкина Елена Андреевна,Енап,1837-04-20,Chemical_77 Chemical_69 Chemical_1,Цыпушкина_ЕА,4Jf4M4zgwc
Лунарева Ксения Алексеевна,Ранитидин,1382-08-04,Chemical_10 Chemical_97 Chemical_88,Лунарева_КА,fOE429Vb8v
Ивлюшин Георгий Николаевич,Амоксициллин,1202-01-01,Chemical_85 Chemical_54 Chemical_72,Ивлюшин_ГН,0hZgLDOVZn
Гудашов Юрий Алексиевич,Ибупрофен,1736-03-19,Chemical_7 Chemical_9 Chemical_40,Гудашов_ЮА,Fhr2i2zEFN
Чачкин Владислав Денисович,Небиволол,1474-01-02,Chemical_85 Chemical_98 Chemical_94,Чачкин_ВД,fSwpGs91wu
Тайдаков Виталий Романович,Габапентин,1154-10-13,Chemical_10 Chemical_61 Chemical_4,Тайдаков_ВР,2mjni6Aetp
Бояршинов Алексей Адамович,Ингавирин,1907-06-08,Chemical_32 Chemical_35 Chemical_22,Бояршинов_АА,RGwElhc6sY
Докшукина Оксана Петровна,Пилипен,1491-03-01,Chemical_93 Chemical_32 Chemical_8,Докшукина_ОП,0GiDk1ufvU
Бганцева Клавдия Егоровна,Левофлоксацин,1306-02-15,Chemical_18 Chemical_16 Chemical_12,Бганцева_КЕ,q1huVzjMtN
Чубокова Виолетта Валерьевна,Бактрим,1103-03-12,Chemical_6 Chemical_72 Chemical_15,Чубокова_ВВ,kc3HJAAplm
Голощапов Станислав Яковлевич,Азитромицин,1419-08-05,Chemical_17 Chemical_73 Chemical_39,Голощапов_СЯ,m10KiAmFtN
Лукьянцев Эдуард Евгеньевич,Оксикодон,1320-05-12,Chemical_40 Chemical_66 Chemical_81,Лукьянцев_ЭЕ,dmRzPLqB5G
Мазаркина Инна Сергеевна,Урсофальк,1174-11-25,Chemical_96 Chemical_27 Chemical_81,Мазаркина_ИС,aL0WWlBNj4
Иманалин Борис Кириллович,Сульфасалазин,1684-08-28,Chemical_53 Chemical_71 Chemical_80,Иманалин_БК,5AOshL9GSJ
Поканкина Марина Михайловна,Глюкозамин,1008-12-26,Chemical_2 Chemical_85 Chemical_55,Поканкина_ММ,tu48LEU9Ey
Такинова Жанна Эдуардовна,Тикалиптин,1257-06-04,Chemical_2 Chemical_60 Chemical_35,Такинова_ЖЭ,2tRhF3o2AW
Клецкина Виктория Яковлевна,Ёжик,1800-08-04,Chemical_32 Chemical_18 Chemical_21,Клецкина_ВЯ,paKjaMu5jb
Космынин Константин Павлович,Мидокалм,1380-09-07,Chemical_63 Chemical_19 Chemical_25,Космынин_КП,P8edFGnOAf
Курцапов Виктор Иванович,Витамин С,1104-12-05,Chemical_11 Chemical_22 Chemical_63,Курцапов_ВИ,gmMRiUR5sr
Шарафанова Виктория Егоровна,Протоник,1004-04-20,Chemical_9 Chemical_97 Chemical_88,Шарафанова_ВЕ,gV3Rj82mdS
Лушаков Руслан Василиевич,Омепразол,1128-03-25,Chemical_12 Chemical_17 Chemical_62,Лушаков_РВ,K3BoEzUPSd
Балченкова Оксана Вадимовна,Ранитидин,1438-04-13,Chemical_9 Chemical_16 Chemical_4,Балченкова_ОВ,p4qJN81RSy
Комаровцев Михаил Максимович,Оксикодон,1424-12-02,Chemical_6 Chemical_45 Chemical_21,Комаровцев_ММ,L5giSQyjFA
Машурцева Алена Кирилловна,Левотироксин,1548-02-02,Chemical_42 Chemical_6 Chemical_92,Машурцева_АК,mu9RC6KN1f
Алшибекова Вероника Леонидовна,Преднизолон,1231-04-18,Chemical_64 Chemical_29 Chemical_68,Алшибекова_ВЛ,lFufd0rBRV
Карликов Федор Викторович,Ацетилсалициловая кислота,1340-05-22,Chemical_56 Chemical_36 Chemical_38,Карликов_ФВ,8w73egGCkc
Махначев Павел Максимович,Урсофальк,0903-09-18,Chemical_33 Chemical_5 Chemical_47,Махначев_ПМ,99dFKrUMj3
Мухоткин Валентин Кириллович,Пилипен,1051-12-04,Chemical_41 Chemical_17 Chemical_15,Мухоткин_ВК,lmrZqUW31W
Ведмедова Раиса Дмитриевна,Бетаин,1312-08-23,Chemical_78 Chemical_84 Chemical_23,Ведмедова_РД,C99HWA1jpN
Отовина Любовь Игоревна,Индометацин,1600-11-20,Chemical_44 Chemical_90 Chemical_85,Отовина_ЛИ,IA3NkvRZrY
Алавердиев Степан Олегович,Росувастатин,1710-06-20,Chemical_8 Chemical_73 Chemical_53,Алавердиев_СО,KLC8IeHrF9
Хотькова Виктория Игоревна,Сертралин,1015-01-18,Chemical_77 Chemical_22 Chemical_2,Хотькова_ВИ,8l2p5ElTOE
Болхова Яна Никитична,Валидол,1988-08-09,Chemical_27 Chemical_66 Chemical_94,Болхова_ЯН,nA40KUKdgo
Савыкин Геннадий Георгиевич,Тианептин,1002-05-22,Chemical_46 Chemical_14 Chemical_72,Савыкин_ГГ,5wvpgwLgUn
Бобова Марина Вадимовна,Виагра,1968-03-15,Chemical_33 Chemical_16 Chemical_31,Бобова_МВ,AwObplnRt3
Будрецова Клавдия Вадимовна,Сертралин,1664-01-24,Chemical_61 Chemical_38 Chemical_92,Будрецова_КВ,Y7FNA4qh4k
Мятов Алексей Юриевич,Рамиприл,1425-08-18,Chemical_72 Chemical_56 Chemical_10,Мятов_АЮ,ibeuTh5mml
Кувецкая Валерия Леонидовна,Гидрохлоротиазид,1422-08-22,Chemical_17 Chemical_69 Chemical_59,Кувецкая_ВЛ,PkLDyGK6mK
Буралкина Екатерина Аркадьевна,Омега-3 кислоты,1873-05-13,Chemical_72 Chemical_28 Chemical_90,Буралкина_ЕА,Bve4at3OdI
Хихеткин Артур Евгеньевич,Азитромицин,1705-12-14,Chemical_39 Chemical_80 Chemical_63,Хихеткин_АЕ,2ViLN5LH5J
Майоркин Николай Фёдорович,Бисакодил,1587-07-04,Chemical_8 Chemical_2 Chemical_54,Майоркин_НФ,HsYwrvlsb6
Кудисов Леонид Фёдорович,Триптаны,1862-02-05,Chemical_14 Chemical_99 Chemical_4,Кудисов_ЛФ,UFHG6bZfVc
Калмыков Эдуард Георгиевич,Лоразепам,1256-01-24,Chemical_59 Chemical_99 Chemical_20,Калмыков_ЭГ,IudL7VfToO
Бетова Наталья Василевна,Дектанол,1422-04-20,Chemical_38 Chemical_61 Chemical_89,Бетова_НВ,7VG7E8nbFL
Искуснова Алла Максимовна,Золедроновая кислота,1269-06-24,Chemical_80 Chemical_10 Chemical_51,Искуснова_АМ,5uaDYPyewX
Ващугина Надежда Петровна,Метформин,1166-02-10,Chemical_11 Chemical_45 Chemical_38,Ващугина_НП,HF335GbqSM
Каинкова Виктория Валерьевна,Амлодипин,1718-05-07,Chemical_3 Chemical_98 Chemical_89,Каинкова_ВВ,qcPQYL8fvV
Заиров Кирилл Максимович,Пропанолол,1288-01-06,Chemical_27 Chemical_70 Chemical_95,Заиров_КМ,hO5ScA7Nro
Хайзникова Дарья Сергеевна,Пилипен,1987-10-10,Chemical_97 Chemical_82 Chemical_99,Хайзникова_ДС,wpSgi8aq3X
Литвинцов Степан Яковлевич,Ниссан,1343-04-25,Chemical_57 Chemical_33 Chemical_36,Литвинцов_СЯ,bKRURIv7bO
Кушаев Геннадий Игоревич,Диклофенак,1001-05-07,Chemical_16 Chemical_48 Chemical_94,Кушаев_ГИ,bY0IJMNMzC
Шинякова Светлана Егоровна,Зинорам,1157-11-16,Chemical_26 Chemical_5 Chemical_8,Шинякова_СЕ,KbR1KB1Sjb
Федулин Альберт Иванович,Амоксиклав,1063-06-15,Chemical_78 Chemical_30 Chemical_55,Федулин_АИ,te4HJ8urjL
Одноценова Мария Василевна,Бактрим,1426-04-13,Chemical_14 Chemical_19 Chemical_45,Одноценова_МВ,kPFACaoCT9
Любарцев Борис Викторович,Амитриптилин,1655-01-24,Chemical_81 Chemical_12 Chemical_93,Любарцев_БВ,jfEQdgdw9S
Османова Екатерина Егоровна,Миртазапин,1509-03-03,Chemical_96 Chemical_72 Chemical_69,Османова_ЕЕ,GKlISiAhL4
Потрягина Кристина Романовна,Пропанолол,1060-03-02,Chemical_58 Chemical_14 Chemical_83,Потрягина_КР,7wdQdX3gBr
Балуев Семён Антонович,Норматен,1662-11-07,Chemical_95 Chemical_58 Chemical_71,Балуев_СА,L97ZjzuxHV
Екимовский Владислав Фёдорович,Венолайфт,0926-06-22,Chemical_59 Chemical_56 Chemical_77,Екимовский_ВФ,x35ztKYVEB
Шпанина Маргарита Максимовна,Пентоксифиллин,1432-09-20,Chemical_12 Chemical_22 Chemical_37,Шпанина_ММ,lFAHZJ7PhO
Пошнагова Юлия Кирилловна,Железа препараты,1815-11-04,Chemical_61 Chemical_38 Chemical_2,Пошнагова_ЮК,9JKgT0uJJY
Кудинкова Ирина Михайловна,Кандесартан,1580-12-23,Chemical_90 Chemical_100 Chemical_60,Кудинкова_ИМ,YSqFQB7zmw
Водоморина Софья Яковлевна,Метопролол,1599-06-03,Chemical_33 Chemical_79 Chemical_68,Водоморина_СЯ,eN90tgUNvQ
Липезина Анна Алексеевна,Тианептин,1244-04-02,Chemical_17 Chemical_84 Chemical_70,Липезина_АА,mQDt6UC1Tt
Илалов Тарас Яковлевич,Допамин,1025-05-04,Chemical_51 Chemical_21 Chemical_67,Илалов_ТЯ,CLTRTaL81j
Лакушова Тамара Ивановна,Бетаин,1016-09-01,Chemical_91 Chemical_90 Chemical_42,Лакушова_ТИ,SVxtxD05xR
Ярмизина Алиса Богдановна,Живина,1120-09-19,Chemical_11 Chemical_15 Chemical_69,Ярмизина_АБ,5nbn68g8ME
Зулков Станислав Антонович,Валацикловир,1630-11-10,Chemical_7 Chemical_61 Chemical_87,Зулков_СА,Jj5lRt98J8
Кочурин Евгений Данилович,Транексамовая кислота,1574-01-11,Chemical_97 Chemical_25 Chemical_5,Кочурин_ЕД,z9yesSDLe4
Череватова Вероника Вадимовна,Кандесартан,0998-12-19,Chemical_39 Chemical_85 Chemical_90,Череватова_ВВ,OobWkHlAL4
Курьянская Любовь Федоровна,Железа препараты,1432-03-23,Chemical_31 Chemical_72 Chemical_15,Курьянская_ЛФ,VVLuUODgp4
Бачалдина Яна Максимовна,Урсофальк,1492-06-18,Chemical_16 Chemical_96 Chemical_33,Бачалдина_ЯМ,53Z19Dk9z6
Наруцкая Катерина Андреевна,Венолайфт,0951-01-04,Chemical_84 Chemical_47 Chemical_3,Наруцкая_КА,jF6M3xgWm3
Набилкова Софья Борисовна,Дексаметазон,1625-08-25,Chemical_6 Chemical_96 Chemical_4,Набилкова_СБ,lTRvwXF7ks
Меркулов Андрей Аркадиевич,Мелоксикам,1905-09-07,Chemical_46 Chemical_74 Chemical_56,Меркулов_АА,fDyWz49mZh
Скитский Вадим Викторович,Лоразепам,1725-10-11,Chemical_14 Chemical_81 Chemical_84,Скитский_ВВ,96P8BjEq7H
Шаульская Надежда Максимовна,Дектанол,1077-04-05,Chemical_27 Chemical_31 Chemical_39,Шаульская_НМ,mDSNc5LdBx
Распевин Константин Валериевич,Гидрохлоротиазид,1634-09-05,Chemical_31 Chemical_94 Chemical_68,Распевин_КВ,DRoBGObYm5
Агешкин Александр Романович,Бетаметазон,1403-04-27,Chemical_97 Chemical_18 Chemical_58,Агешкин_АР,FnMmZCu8mI
Хайдина Маргарита Алексеевна,Бромгексин,1448-08-07,Chemical_71 Chemical_18 Chemical_99,Хайдина_МА,7Jart2s5At
Духиева Алла Никитична,Гидрохлоротиазид,1163-04-13,Chemical_64 Chemical_11 Chemical_44,Духиева_АН,I52VtDuXMV
Щуринова Ольга Вадимовна,Валацикловир,1171-09-14,Chemical_1 Chemical_26 Chemical_84,Щуринова_ОВ,YM8QOz3Ht6
Кеплина Наталия Борисовна,Витамин С,1811-03-23,Chemical_49 Chemical_75 Chemical_27,Кеплина_НБ,6S2dU5kCVF
Шелмаков Георгий Николаевич,Золаир,1188-05-12,Chemical_93 Chemical_31 Chemical_58,Шелмаков_ГН,lpjOfw4Znk
Лошадина Екатерина Евгеньевна,Жасмин,1783-12-14,Chemical_11 Chemical_44 Chemical_39,Лошадина_ЕЕ,2PV2xnn5ox
Ароматова Анастасия Максимовна,Железа препараты,1239-07-25,Chemical_47 Chemical_7 Chemical_75,Ароматова_АМ,yV3iOk8Epw
Голыбина Оксана Михайловна,Евалар солгар мультивитамини,2022-02-08,Chemical_100 Chemical_14 Chemical_94,Голыбина_ОМ,IwnmAS0u3Y
Кувыршина Валерия Игоревна,Золекс,1630-01-01,Chemical_64 Chemical_71 Chemical_27,Кувыршина_ВИ,gIHu6oY5HK
Хитьков Анатолий Петрович,Аллопуринол,1519-07-04,Chemical_87 Chemical_96 Chemical_19,Хитьков_АП,nXE4L8UxnQ
Шибилкин Яков Кириллович,Антациды,1518-10-06,Chemical_83 Chemical_15 Chemical_80,Шибилкин_ЯК,7ZXeRfM4Me
Кереметин Вячеслав Тимофеевич,Зинорам,1637-04-21,Chemical_83 Chemical_25 Chemical_38,Кереметин_ВТ,1rRY0xe0vv
Брокина Дарья Олеговна,Ацетилсалициловая кислота,1327-01-03,Chemical_8 Chemical_68 Chemical_90,Брокина_ДО,s6afRm2rPN
Ачин Герасим Данилович,Гидрохлоротиазид,1014-01-22,Chemical_18 Chemical_70 Chemical_37,Ачин_ГД,pCu6ZFe1Cl
Тановицкий Тарас Виталиевич,Тикалиптин,1762-03-15,Chemical_55 Chemical_91 Chemical_31,Тановицкий_ТВ,zC3CcPH8uM
Беломожнов Михаил Романович,Левотироксин,1072-09-24,Chemical_46 Chemical_12 Chemical_12,Беломожнов_МР,t1fczVjrN4
Хорошилин Кирилл Фёдорович,Мезим,1820-07-08,Chemical_16 Chemical_44 Chemical_52,Хорошилин_КФ,TIpm3L0169
Киржанкова Алиса Вадимовна,Виалар,1652-12-11,Chemical_76 Chemical_49 Chemical_89,Киржанкова_АВ,SlxmTbeR9F
Цуканов Иван Иванович,Венолайфт,1674-07-26,Chemical_9 Chemical_26 Chemical_26,Цуканов_ИИ,b1LjlIVkRn
Потешных Дмитрий Иванович,Колчицин,1097-08-05,Chemical_97 Chemical_4 Chemical_22,Потешных_ДИ,mnsrBf90PS
Суряднова Виолетта Богдановна,Протоник,1700-07-01,Chemical_88 Chemical_25 Chemical_95,Суряднова_ВБ,u5dDlx7vdt
Кажайкина Карина Эдуардовна,Парацетамол,1254-11-19,Chemical_52 Chemical_10 Chemical_70,Кажайкина_КЭ,H4msJcS3pW
Рабовский Дмитрий Яковлевич,Витамин С,0924-02-08,Chemical_35 Chemical_80 Chemical_55,Рабовский_ДЯ,sZ0F2yVMay
Едамов Аркадий Тимофеевич,Амоксициллин,1567-10-19,Chemical_10 Chemical_40 Chemical_23,Едамов_АТ,2X57sIKYB5
Столбова София Василевна,Атенолол,0940-07-17,Chemical_47 Chemical_34 Chemical_45,Столбова_СВ,G58bDoKQRq
Смаркин Семён Андреевич,Золаир,1973-12-11,Chemical_66 Chemical_71 Chemical_50,Смаркин_СА,fBAGAsQUB5
Колтакова Алиса Максимовна,Иммунивит,1056-07-16,Chemical_52 Chemical_1 Chemical_80,Колтакова_АМ,63pc6P5cUM
Фимошина Виктория Романовна,Левотироксин,1814-03-23,Chemical_72 Chemical_3 Chemical_59,Фимошина_ВР,ub8KvspsDe
Крыницкий Владимир Борисович,Омепразол,0959-10-21,Chemical_4 Chemical_20 Chemical_41,Крыницкий_ВБ,3sN7K8qQvQ
Косых Жанна Михайловна,Пентоксифиллин,1449-09-05,Chemical_87 Chemical_89 Chemical_72,Косых_ЖМ,ZdmRZqkz6z
Кваснинов Кирилл Адамович,Ретардин,1267-09-14,Chemical_22 Chemical_11 Chemical_68,Кваснинов_КА,a1LRrBU9Hz
Чундерова Катерина Никитична,Колчицин,1755-10-02,Chemical_68 Chemical_17 Chemical_74,Чундерова_КН,6eaZ47o4gD
Худаева Виктория Богдановна,Диклофенак,1833-07-23,Chemical_29 Chemical_53 Chemical_96,Худаева_ВБ,fIb3E4slwc
Хапилов Герасим Денисович,Пропанолол,1458-04-23,Chemical_10 Chemical_64 Chemical_91,Хапилов_ГД,bZA9elWOc2
Ордянская Елизавета Вадимовна,Енап,1926-02-14,Chemical_5 Chemical_9 Chemical_36,Ордянская_ЕВ,thoA1E4ynj
Бахматова Вера Борисовна,Гропирон,1575-12-23,Chemical_89 Chemical_82 Chemical_73,Бахматова_ВБ,DrEaZHyZ6O
Хатуцкая Галина Романовна,Урсофальк,1518-09-04,Chemical_81 Chemical_50 Chemical_46,Хатуцкая_ГР,DO7pb0DkZY
Левжинская Екатерина Кирилловна,Атенолол,1830-03-09,Chemical_98 Chemical_91 Chemical_74,Левжинская_ЕК,LxHZuD5tkn
Колбиев Андрей Георгиевич,Миртазапин,1963-09-11,Chemical_91 Chemical_45 Chemical_71,Колбиев_АГ,3uRVJDpEIK
Мамсуров Валентин Алексеевич,Урсофальк,1824-07-22,Chemical_73 Chemical_82 Chemical_41,Мамсуров_ВА,xLu7thH0TY
Нягусева Клара Никитична,Бактрим,1971-09-01,Chemical_46 Chemical_84 Chemical_83,Нягусева_КН,Qx2JpyRNZY
Биклинев Никита Фёдорович,Евалар солгар мультивитамини,1124-08-10,Chemical_26 Chemical_95 Chemical_71,Биклинев_НФ,9Oa9SEq7Pu
Осоргин Григорий Денисович,Зылорик,1201-05-27,Chemical_63 Chemical_98 Chemical_69,Осоргин_ГД,f89ushQRdL
Поводова Вероника Федоровна,Лозартан,1520-08-22,Chemical_3 Chemical_5 Chemical_44,Поводова_ВФ,Q30blTNS1I
Шишанкова Алла Алексеевна,Бензоилпероксид,1115-02-04,Chemical_77 Chemical_66 Chemical_79,Шишанкова_АА,ZqURceO7Rl
Скарлыкин Павел Яковлевич,Золедроновая кислота,1037-07-04,Chemical_5 Chemical_93 Chemical_49,Скарлыкин_ПЯ,91DTCmudwB
Корельцев Валерий Адамович,Валидол,2021-11-07,Chemical_26 Chemical_60 Chemical_42,Корельцев_ВА,FfU1cUDHfY
Сочинский Владислав Антонович,Пилипен,1773-11-11,Chemical_97 Chemical_8 Chemical_73,Сочинский_ВА,x6N7uRACyt
Крамина Клара Дмитриевна,Мелатонин,1449-09-06,Chemical_85 Chemical_77 Chemical_17,Крамина_КД,eB5wf6o6rt
Мошаева Кира Валерьевна,Глюкозамин,1709-01-08,Chemical_25 Chemical_79 Chemical_11,Мошаева_КВ,1wY8U5iXg5
Ахмадуллин Александр Евгеньевич,Амитриптилин,0960-12-26,Chemical_90 Chemical_77 Chemical_84,Ахмадуллин_АЕ,tYwYFQ8l1r
Бургов Иван Михаилович,Итрафунгол,1145-09-06,Chemical_26 Chemical_92 Chemical_80,Бургов_ИМ,tKYZzB0Xr9
Мошевитин Юрий Виталиевич,Линезолид,1181-11-22,Chemical_48 Chemical_97 Chemical_5,Мошевитин_ЮВ,Syrd8Fu954
Макарова София Ивановна,Левофлоксацин,1331-02-21,Chemical_69 Chemical_61 Chemical_62,Макарова_СИ,mRl5CFnHUC
Ганчева Кира Олеговна,Зылорик,1288-08-10,Chemical_39 Chemical_83 Chemical_73,Ганчева_КО,PVU61npBam
Алятин Эдуард Романович,Кладрибин,1409-03-13,Chemical_51 Chemical_70 Chemical_29,Алятин_ЭР,S22ursruDV
Глинкин Владимир Викторович,Пентоксифиллин,1637-09-23,Chemical_11 Chemical_18 Chemical_63,Глинкин_ВВ,cbSp6Q7Z0s
Строгалев Леонид Вадимович,Пропанолол,1530-12-11,Chemical_31 Chemical_96 Chemical_91,Строгалев_ЛВ,SsxdQQ4hC4
Гирина Ева Никитична,Живина,1850-01-12,Chemical_94 Chemical_8 Chemical_86,Гирина_ЕН,ZkT9LLZ5bi
Нецкина Елизавета Василевна,Вальтрекс,0901-02-23,Chemical_27 Chemical_12 Chemical_63,Нецкина_ЕВ,1ZpziFIbXR
Тахтауров Эдуард Данилович,Норматен,1717-01-20,Chemical_92 Chemical_81 Chemical_32,Тахтауров_ЭД,8duMNK0aUK
Новеньких Валерий Борисович,Азитромицин,1107-06-25,Chemical_98 Chemical_81 Chemical_70,Новеньких_ВБ,Ab6KmN6yst
Веденисов Василий Юриевич,Бетаметазон,1760-03-11,Chemical_1 Chemical_79 Chemical_23,Веденисов_ВЮ,1Jmg0siHOP
Назарбаев Геннадий Вадимович,Ёжик,1739-07-09,Chemical_68 Chemical_66 Chemical_31,Назарбаев_ГВ,GWjnd4RGWy
Верескина Ольга Сергеевна,Рибавирин,1439-04-28,Chemical_2 Chemical_38 Chemical_70,Верескина_ОС,H60l2wu9zN
Мойкина Инна Василевна,Рибавирин,1790-07-15,Chemical_53 Chemical_73 Chemical_83,Мойкина_ИВ,s7utZ2grvZ
Каледенков Вячеслав Денисович,Миртазапин,1901-05-08,Chemical_25 Chemical_60 Chemical_37,Каледенков_ВД,NP1KL6JBwj
Нечахин Альберт Николаевич,Азитромицин,1254-03-20,Chemical_16 Chemical_15 Chemical_70,Нечахин_АН,ffNLYwDBb4
Томасов Владислав Максимович,Женьшень,1162-07-26,Chemical_69 Chemical_54 Chemical_57,Томасов_ВМ,xPPnpFaZj6
Плетцова Виолетта Богдановна,Дикарбазин,0999-04-28,Chemical_52 Chemical_83 Chemical_21,Плетцова_ВБ,wdDJTPDNJ0
Гаврилкин Вадим Василиевич,Уоллтапс,1135-11-22,Chemical_91 Chemical_96 Chemical_8,Гаврилкин_ВВ,lBIz22Fu9G
Милетина Александра Аркадьевна,Амитриптилин,1422-01-28,Chemical_61 Chemical_42 Chemical_31,Милетина_АА,GUOkNvNBG8
Добранчева Зинаида Михайловна,Оксикодон,1518-01-22,Chemical_61 Chemical_77 Chemical_95,Добранчева_ЗМ,y3iJk2AlYs
Зиганова Зинаида Кирилловна,Ранитидин,1018-11-14,Chemical_79 Chemical_78 Chemical_77,Зиганова_ЗК,5me0G9Q1sv
Упорников Михаил Евгеньевич,Ибупрофен,1592-06-21,Chemical_77 Chemical_96 Chemical_19,Упорников_МЕ,lakjIFb77s
Веснянкина Марина Эдуардовна,Вальтрекс,0928-09-27,Chemical_38 Chemical_79 Chemical_54,Веснянкина_МЭ,8NmTCmKKLk
Снитникова Маргарита Богдановна,Итрафунгол,1844-10-11,Chemical_13 Chemical_50 Chemical_12,Снитникова_МБ,J8zDGzo8vb
Закакуев Максим Фёдорович,Нимулид,1236-09-19,Chemical_64 Chemical_51 Chemical_51,Закакуев_МФ,VlxedC6NJk
Помадкова Тамара Егоровна,Оланзапин,1213-01-09,Chemical_33 Chemical_8 Chemical_80,Помадкова_ТЕ,8tYnFE7D8o
Чубанова Алёна Романовна,Мелоксикам,1072-11-13,Chemical_76 Chemical_38 Chemical_23,Чубанова_АР,FZF14xaMa1
Реутский Федор Юриевич,Бромгексин,1584-03-18,Chemical_79 Chemical_7 Chemical_92,Реутский_ФЮ,2MUWVnAzSe
Пурювкин Руслан Георгиевич,Пентоксифиллин,1688-01-23,Chemical_3 Chemical_19 Chemical_37,Пурювкин_РГ,lhR5jykfmB
Помазенцев Яков Тимофеевич,Сетирозин,1941-02-23,Chemical_81 Chemical_34 Chemical_65,Помазенцев_ЯТ,yIV8Lsp3bM
Девушкина Жанна Андреевна,Золедроновая кислота,1379-11-10,Chemical_23 Chemical_51 Chemical_9,Девушкина_ЖА,lUo1af7xGA
Яшункина Дарья Сергеевна,Женьшень,1669-10-15,Chemical_30 Chemical_22 Chemical_91,Яшункина_ДС,z5Yl0MqR3O
Шалапугина Юлия Дмитриевна,Дуодарт,1109-04-27,Chemical_3 Chemical_17 Chemical_20,Шалапугина_ЮД,Hohs7Mg4QX
Пепинова Ева Ивановна,Ацетилсалициловая кислота,0963-02-26,Chemical_5 Chemical_62 Chemical_58,Пепинова_ЕИ,Fr1gIWqgYG
Юделева Валентина Игоревна,Бромгексин,1328-10-18,Chemical_52 Chemical_65 Chemical_73,Юделева_ВИ,qwfgK2mEBG
Монастыров Иван Юриевич,Ибупрофен,1241-12-25,Chemical_30 Chemical_52 Chemical_21,Монастыров_ИЮ,gOk8Pa4gMH
Досадина Зинаида Игоревна,Росувастатин,2005-09-16,Chemical_4 Chemical_30 Chemical_45,Досадина_ЗИ,17L1nTmcWL
Заяшникова Оксана Борисовна,Диклофенак,1869-08-12,Chemical_96 Chemical_73 Chemical_84,Заяшникова_ОБ,N4WBoF1ZcH
Непогодина Людмила Петровна,Витамин С,0900-02-24,Chemical_80 Chemical_34 Chemical_87,Непогодина_ЛП,ruMxX35s5n
Бежджонов Антон Евгеньевич,Амитриптилин,1528-09-28,Chemical_37 Chemical_70 Chemical_13,Бежджонов_АЕ,rHF3xA8Kmr
Могеев Станислав Алексиевич,Агонал,1106-11-23,Chemical_34 Chemical_87 Chemical_23,Могеев_СА,Tris4C9yhb
Нарымова Дарья Валерьевна,Жасмин,1343-05-05,Chemical_68 Chemical_55 Chemical_6,Нарымова_ДВ,xoA87E4KMi
Справников Игорь Адамович,Дуодарт,1091-06-24,Chemical_11 Chemical_85 Chemical_63,Справников_ИА,XDJPd3jFDo
Кормщиков Евгений Юриевич,Левофлоксацин,1911-06-28,Chemical_57 Chemical_29 Chemical_63,Кормщиков_ЕЮ,e2glKA0Bsg
Букатов Дмитрий Алексиевич,Бисакодил,1643-09-23,Chemical_53 Chemical_30 Chemical_58,Букатов_ДА,oP82bfU6lD
Абримов Павел Олегович,Амоксициллин,0938-12-20,Chemical_88 Chemical_13 Chemical_39,Абримов_ПО,oD7YW6nLCY
Падолкина Надежда Ивановна,Ингавирин,1792-05-08,Chemical_80 Chemical_13 Chemical_85,Падолкина_НИ,2OZFzKnoQH
Кавардин Вячеслав Тимофеевич,Аллопуринол,1388-04-06,Chemical_7 Chemical_55 Chemical_33,Кавардин_ВТ,1VDwYTCLXf
Кожаурова Жанна Ивановна,Левофлоксацин,1311-10-06,Chemical_10 Chemical_5 Chemical_41,Кожаурова_ЖИ,hPpVF6qtiG
Балакин Пётр Антонович,Спазмалгон,1326-09-12,Chemical_42 Chemical_30 Chemical_68,Балакин_ПА,otdOHQ8c60
Киржаков Геннадий Максимович,Золедроновая кислота,1478-03-20,Chemical_51 Chemical_8 Chemical_26,Киржаков_ГМ,j2e2Na0W1z
Давличаров Павел Игоревич,Бензоилпероксид,1184-02-17,Chemical_32 Chemical_73 Chemical_98,Давличаров_ПИ,kmCr45SJWj
Камашкин Артём Вадимович,Итрафунгол,1114-02-27,Chemical_98 Chemical_32 Chemical_16,Камашкин_АВ,0kP9MTkC04
Постатская Полина Алексеевна,Бензоилпероксид,0972-06-28,Chemical_12 Chemical_76 Chemical_81,Постатская_ПА,PfCiWHfDa1
Максимцев Станислав Николаевич,Зинорам,1045-01-13,Chemical_78 Chemical_13 Chemical_54,Максимцев_СН,D5t9xYZdRq
Петюшина Светлана Эдуардовна,Агонал,1506-10-21,Chemical_38 Chemical_53 Chemical_58,Петюшина_СЭ,so9dFSkbJ3
Петрина Наталья Аркадьевна,Лозартан,1648-04-28,Chemical_3 Chemical_70 Chemical_35,Петрина_НА,zmSRk4rDz4
Крутцов Станислав Юриевич,Росувастатин,1256-01-26,Chemical_8 Chemical_39 Chemical_82,Крутцов_СЮ,9YaeJ0scFm
Ананчева Вероника Ивановна,Гидрохлоротиазид,1060-03-03,Chemical_98 Chemical_57 Chemical_56,Ананчева_ВИ,hiK2VQcb38
Цыцарцев Валерий Василиевич,Нитросорбид,1063-08-08,Chemical_21 Chemical_60 Chemical_8,Цыцарцев_ВВ,vu7MQySS31
Зазнобкина Ирина Богдановна,Золаир,1917-10-07,Chemical_58 Chemical_65 Chemical_98,Зазнобкина_ИБ,TxK2qj0wyE
Обризова Алена Олеговна,Антациды,1712-06-24,Chemical_58 Chemical_35 Chemical_10,Обризова_АО,h7QZORhsTW
Салянкин Владислав Фёдорович,Небиволол,1420-07-13,Chemical_51 Chemical_84 Chemical_32,Салянкин_ВФ,r7zZkZzObV
Чернедова Алиса Аркадьевна,Оланзапин,1869-08-16,Chemical_21 Chemical_17 Chemical_57,Чернедова_АА,C8S9GyzQdd
Токарев Руслан Алексеевич,Виагра,1591-05-12,Chemical_90 Chemical_13 Chemical_52,Токарев_РА,MCwIzuy5kw
Миридинов Денис Денисович,Зылорик,1166-03-13,Chemical_17 Chemical_42 Chemical_97,Миридинов_ДД,Ud4hMAul1s
Копелькина Елизавета Алексеевна,Агонал,1181-05-22,Chemical_4 Chemical_58 Chemical_52,Копелькина_ЕА,cl6R9auu54
Будяков Михаил Петрович,Женьшень,1989-11-10,Chemical_24 Chemical_17 Chemical_83,Будяков_МП,EE3fb5OC08
Мавлекиева Дарья Валерьевна,Зинорам,1766-05-02,Chemical_15 Chemical_8 Chemical_59,Мавлекиева_ДВ,6gLvSESbIc
Бальнова Светлана Богдановна,Венолайфт,1392-08-15,Chemical_27 Chemical_76 Chemical_28,Бальнова_СБ,07RpNqC1OJ
Муруев Никита Николаевич,Спазмалгон,1497-04-10,Chemical_81 Chemical_85 Chemical_82,Муруев_НН,H8l9nIw9UE
Танкуйлин Аркадий Кириллович,Железа препараты,0939-06-15,Chemical_58 Chemical_95 Chemical_70,Танкуйлин_АК,79qqO5UYe1
Леплинский Владислав Юриевич,Кетопрофен,1907-02-06,Chemical_63 Chemical_97 Chemical_69,Леплинский_ВЮ,GJjHIyqag7
Жегланова Алёна Ивановна,Колчицин,1726-04-28,Chemical_51 Chemical_50 Chemical_64,Жегланова_АИ,bXN1Ole28l
Шелдукова Алина Викторовна,Метформин,1908-06-19,Chemical_28 Chemical_22 Chemical_60,Шелдукова_АВ,b1l5mRnOj4
Рапиева Зинаида Никитична,Бетаин,1376-12-13,Chemical_48 Chemical_5 Chemical_53,Рапиева_ЗН,5T4Bd3PWW0
Гермогенов Иван Тимофеевич,Амоксиклав,1936-10-10,Chemical_97 Chemical_22 Chemical_38,Гермогенов_ИТ,IHD5qF7mCX
Холсин Константин Сергеевич,Кетопрофен,1148-04-05,Chemical_32 Chemical_86 Chemical_37,Холсин_КС,nPFn9qfmEJ
Вакунов Александр Викторович,Метопролол,0914-04-03,Chemical_58 Chemical_2 Chemical_87,Вакунов_АВ,Uwxq4GsVKb
Подласова Вера Андреевна,Рибавирин,1034-12-01,Chemical_80 Chemical_33 Chemical_46,Подласова_ВА,rMvB5olgre
Городцов Игорь Валериевич,Симвастатин,1468-06-03,Chemical_45 Chemical_49 Chemical_18,Городцов_ИВ,vI2OkK4Lkb
Алексакова Карина Дмитриевна,Амоксиклав,1996-06-15,Chemical_18 Chemical_4 Chemical_48,Алексакова_КД,pHW1MAYCbv
Эссина Полина Ивановна,Мелатонин,1429-08-25,Chemical_20 Chemical_44 Chemical_84,Эссина_ПИ,xFTbelv3vH
Юртайкина Зинаида Ивановна,Уоллтапс,1107-09-26,Chemical_14 Chemical_47 Chemical_64,Юртайкина_ЗИ,bgn3eQNunE
Варваркина Софья Максимовна,Метопролол,1946-05-17,Chemical_64 Chemical_45 Chemical_83,Варваркина_СМ,SC9VtWH3ws
Зябкина Валерия Михайловна,Бетаин,1801-03-24,Chemical_21 Chemical_90 Chemical_87,Зябкина_ВМ,jkIh6PRiGw
Шерекина Екатерина Николаевна,Симвастатин,1005-05-02,Chemical_44 Chemical_1 Chemical_79,Шерекина_ЕН,RR2vK79B7B
Халипский Евгений Алексеевич,Пилипен,1068-05-23,Chemical_62 Chemical_13 Chemical_92,Халипский_ЕА,Eldkj58EJr
Голбина Галина Егоровна,Лоразепам,1321-06-08,Chemical_43 Chemical_89 Chemical_2,Голбина_ГЕ,PVHJfexPr7
Кузубов Роман Кириллович,Триптаны,1167-06-06,Chemical_36 Chemical_64 Chemical_98,Кузубов_РК,Yx6BNgPwDn
Эзенкина Ксения Ивановна,Ретардин,1599-01-21,Chemical_90 Chemical_92 Chemical_67,Эзенкина_КИ,zb8CZfvtrx
Киричуков Никита Игоревич,Бетаин,1498-08-25,Chemical_97 Chemical_15 Chemical_53,Киричуков_НИ,e1AB6txs9H
Агафеева Тамара Олеговна,Клопидогрел,0932-08-16,Chemical_17 Chemical_72 Chemical_22,Агафеева_ТО,khUSJzojJ1
Ханевичев Геннадий Викторович,Ингавирин,1445-06-15,Chemical_100 Chemical_88 Chemical_31,Ханевичев_ГВ,lUNXgjF8gI
Мицина Светлана Кирилловна,Норматен,1032-04-04,Chemical_44 Chemical_16 Chemical_60,Мицина_СК,ssvbjPPw8l
Атарщиков Артём Викторович,Валидол,0935-09-01,Chemical_48 Chemical_25 Chemical_54,Атарщиков_АВ,rdSXu9hNxO
Эйдикова Ирина Егоровна,Ранитидин,1304-10-20,Chemical_22 Chemical_48 Chemical_13,Эйдикова_ИЕ,MHRxhIb1fY
Каплина Валентина Романовна,Алпразолам,1380-12-06,Chemical_73 Chemical_48 Chemical_15,Каплина_ВР,xjFh2DcW3D
Осицимский Алексей Юриевич,Норматен,1026-12-09,Chemical_81 Chemical_80 Chemical_35,Осицимский_АЮ,prHPDjv1yD
Плантова Катерина Николаевна,Урсофальк,1849-12-27,Chemical_19 Chemical_60 Chemical_28,Плантова_КН,iuV4I5EBVb
Селемнева Мария Вадимовна,Омепразол,1776-10-08,Chemical_67 Chemical_94 Chemical_77,Селемнева_МВ,2ZTymVcbF1
Сымчева Зинаида Богдановна,Бисакодил,1765-06-26,Chemical_53 Chemical_58 Chemical_28,Сымчева_ЗБ,bbsP095Xx1
Стретова Раиса Яковлевна,Дикарбазин,1694-05-06,Chemical_82 Chemical_95 Chemical_53,Стретова_РЯ,Jm4S4UN59C
Царитова Галина Олеговна,Омега-3 кислоты,1962-05-03,Chemical_97 Chemical_61 Chemical_81,Царитова_ГО,5l8MDyGTxZ
Дрыкина Кристина Василевна,Метопролол,1152-05-06,Chemical_79 Chemical_60 Chemical_18,Дрыкина_КВ,YqzyJ626JK
Спорягина Анна Кирилловна,Антациды,2009-03-04,Chemical_16 Chemical_19 Chemical_14,Спорягина_АК,YYWS5ApcTp
Цепикин Константин Евгеньевич,Виалар,1502-09-18,Chemical_1 Chemical_36 Chemical_54,Цепикин_КЕ,Pxj4iReCP5
Кордашин Пётр Данилович,Ингавирин,1598-01-05,Chemical_31 Chemical_65 Chemical_25,Кордашин_ПД,WlzI6wgKHx
Байдильдин Станислав Вадимович,Гропирон,1224-02-12,Chemical_17 Chemical_6 Chemical_88,Байдильдин_СВ,ZcZnKUDN4p
Ябковская Елена Яковлевна,Антациды,1504-12-24,Chemical_52 Chemical_27 Chemical_29,Ябковская_ЕЯ,Z2R6rXs6SF
Ионкин Владимир Иванович,Ретардин,1164-04-22,Chemical_71 Chemical_3 Chemical_11,Ионкин_ВИ,gjvX6A7d9C
Пониматкин Артём Яковлевич,Бромгексин,0963-10-18,Chemical_11 Chemical_1 Chemical_69,Пониматкин_АЯ,9s5bpQ5ZTs
Охочинская Жанна Валерьевна,Триптаны,1643-10-17,Chemical_91 Chemical_3 Chemical_32,Охочинская_ЖВ,df7sqQ1zHw
Размыкова Алина Кирилловна,Тианептин,1045-06-04,Chemical_86 Chemical_37 Chemical_69,Размыкова_АК,oXm0pePaIw
Аврамов Руслан Алексиевич,Кандесартан,1308-02-21,Chemical_61 Chemical_97 Chemical_31,Аврамов_РА,q9DpDp0TiH
Семовских Лиза Викторовна,Пропанолол,1256-04-10,Chemical_75 Chemical_31 Chemical_8,Семовских_ЛВ,X6a0b7cfAT
Абалмазов Валентин Петрович,Пропанолол,2020-05-02,Chemical_4 Chemical_90 Chemical_93,Абалмазов_ВП,v1XvLEUUrq
Аскаров Илья Кириллович,Ниссан,1851-02-04,Chemical_100 Chemical_39 Chemical_76,Аскаров_ИК,4iSvloVHy7
Свирстина Жанна Богдановна,Допамин,1523-04-21,Chemical_89 Chemical_40 Chemical_27,Свирстина_ЖБ,seShpl3O6H
Копытенков Олег Денисович,Золекс,1373-11-03,Chemical_25 Chemical_35 Chemical_39,Копытенков_ОД,n81SVFBrgI
Аполонин Максим Михаилович,Лоразепам,1519-07-06,Chemical_83 Chemical_62 Chemical_76,Аполонин_ММ,2KduqOSbrl
Добрышкин Аркадий Валериевич,Золаир,1300-11-25,Chemical_32 Chemical_43 Chemical_27,Добрышкин_АВ,UVOPokh71f
Хромачев Валентин Василиевич,Диклофенак,1682-02-07,Chemical_58 Chemical_12 Chemical_64,Хромачев_ВВ,cZ1froOwzx
Панчекин Виталий Аркадиевич,Тикалиптин,1896-12-08,Chemical_33 Chemical_22 Chemical_94,Панчекин_ВА,NgtA7OWDIY
Саслина Тамара Максимовна,Венолайфт,1666-10-08,Chemical_99 Chemical_22 Chemical_31,Саслина_ТМ,cfhDhRy09k
Буглина Инна Михайловна,Ацетилсалициловая кислота,1278-10-17,Chemical_66 Chemical_100 Chemical_62,Буглина_ИМ,MnXtyu8rs6
Якутенкова Жанна Валерьевна,Сертралин,1988-08-19,Chemical_64 Chemical_69 Chemical_10,Якутенкова_ЖВ,yI8GYXkvzx
Сафошин Георгий Василиевич,Колчицин,1367-03-17,Chemical_9 Chemical_17 Chemical_28,Сафошин_ГВ,U1kGraR6ab
Каяцкая Ольга Борисовна,Индометацин,1440-10-12,Chemical_21 Chemical_60 Chemical_21,Каяцкая_ОБ,dz0Aa06ZZd
Карапозов Константин Василиевич,Левотироксин,1918-06-07,Chemical_55 Chemical_29 Chemical_4,Карапозов_КВ,d3YvFvlujV
Рустямова Алина Василевна,Итрафунгол,1575-05-07,Chemical_80 Chemical_30 Chemical_57,Рустямова_АВ,Sjl3Bs2J9R
Жерденков Илья Денисович,Колчицин,1401-09-15,Chemical_95 Chemical_49 Chemical_85,Жерденков_ИД,90piR6L4gl
Донышева Людмила Кирилловна,Золаир,1972-06-26,Chemical_19 Chemical_69 Chemical_82,Донышева_ЛК,NVJTQgBm90
Цыбышев Николай Антонович,Бромгексин,1724-08-07,Chemical_36 Chemical_40 Chemical_36,Цыбышев_НА,oKrm0QsnoZ
Севастокин Виктор Романович,Мидокалм,1279-04-15,Chemical_2 Chemical_64 Chemical_2,Севастокин_ВР,K5sP9kr65U
Баранихина Алла Евгеньевна,Иммунивит,1629-02-22,Chemical_81 Chemical_100 Chemical_80,Баранихина_АЕ,ZVhQzYArM1
Тараборина Марина Андреевна,Тианептин,1664-10-19,Chemical_63 Chemical_54 Chemical_70,Тараборина_МА,dyiD6Y6WwG
Шкутин Юрий Алексиевич,Рибавирин,1088-02-23,Chemical_49 Chemical_67 Chemical_24,Шкутин_ЮА,Pcvd10qarj
Пушменкова Наталья Богдановна,Сетирозин,1622-10-23,Chemical_68 Chemical_71 Chemical_90,Пушменкова_НБ,fN6ylZ7R9w
Малшенков Дмитрий Кириллович,Женьшень,1378-06-10,Chemical_17 Chemical_6 Chemical_59,Малшенков_ДК,B0nPDv3gHO
Валкин Денис Олегович,Парацетамол,1129-04-09,Chemical_93 Chemical_33 Chemical_39,Валкин_ДО,RN7GAIaBkr
Граннина Алиса Андреевна,Ранитидин,1329-04-25,Chemical_21 Chemical_89 Chemical_59,Граннина_АА,fue6CYN0Tq
Перемитина Алиса Борисовна,Амлодипин,1475-10-20,Chemical_30 Chemical_16 Chemical_65,Перемитина_АБ,1DimWQ2TDz
Масленцова Алина Вадимовна,Левофлоксацин,1367-11-21,Chemical_15 Chemical_43 Chemical_83,Масленцова_АВ,OPDUH8PC1f
Шалчков Денис Викторович,Рамиприл,1706-06-08,Chemical_58 Chemical_70 Chemical_1,Шалчков_ДВ,tGeIgl6Jxf
Проселкова Зинаида Максимовна,Рибавирин,1032-10-19,Chemical_46 Chemical_99 Chemical_73,Проселкова_ЗМ,dFMC7g9mEP
Большанин Павел Андреевич,Кетопрофен,1526-06-17,Chemical_60 Chemical_53 Chemical_35,Большанин_ПА,nXtKtLhaX3
Капцева Юлия Федоровна,Виалар,1902-07-26,Chemical_17 Chemical_89 Chemical_14,Капцева_ЮФ,GAaoP12OKm
Тюшагин Аркадий Борисович,Уоллтапс,1530-08-11,Chemical_79 Chemical_55 Chemical_23,Тюшагин_АБ,Sbwf4Hfh1m
Сусленков Игорь Денисович,Мезим,1214-05-15,Chemical_95 Chemical_79 Chemical_44,Сусленков_ИД,UYlfIPHa1i
Печуркина Жанна Борисовна,Виагра,1950-09-19,Chemical_40 Chemical_38 Chemical_48,Печуркина_ЖБ,SkFWCYbF1J
Крахоткина Софья Олеговна,Амлодипин,1381-04-02,Chemical_14 Chemical_7 Chemical_65,Крахоткина_СО,92QNuTl8P5
Огулова Виктория Борисовна,Глюкозамин,1779-08-09,Chemical_79 Chemical_14 Chemical_40,Огулова_ВБ,nejc90GC3M
Евиланова Раиса Федоровна,Габапентин,1823-07-15,Chemical_80 Chemical_75 Chemical_21,Евиланова_РФ,yypXCCrf0r
Крудакова Оксана Яковлевна,Ксарелто,1609-08-10,Chemical_88 Chemical_28 Chemical_59,Крудакова_ОЯ,1NMMSDbvSL
Осконов Роман Андреевич,Амоксиклав,1957-06-01,Chemical_6 Chemical_45 Chemical_30,Осконов_РА,hQD8FOSp5J
Находнов Пётр Михаилович,Евалар солгар мультивитамини,1315-02-12,Chemical_1 Chemical_62 Chemical_1,Находнов_ПМ,YkoTg0KETz
Дрычкова Кира Эдуардовна,Гропирон,1463-09-20,Chemical_100 Chemical_6 Chemical_72,Дрычкова_КЭ,ZsmEcQRfV1
Полатов Павел Алексеевич,Рамиприл,1792-07-25,Chemical_51 Chemical_6 Chemical_61,Полатов_ПА,98YK4xfSu5
Бострикова Софья Романовна,Оланзапин,1080-12-09,Chemical_94 Chemical_40 Chemical_35,Бострикова_СР,y94Hqg4zTH
Джоев Вадим Юриевич,Норматен,1896-08-19,Chemical_58 Chemical_85 Chemical_95,Джоев_ВЮ,z8S3qCBxAp
Актанаев Игорь Валериевич,Бисопролол,0992-01-04,Chemical_2 Chemical_11 Chemical_72,Актанаев_ИВ,aoygp7ZNyH
Чужакова Мария Дмитриевна,Метформин,1878-03-01,Chemical_20 Chemical_6 Chemical_8,Чужакова_МД,s2NvnPiDXA
Гиричева Полина Борисовна,Метопролол,1599-09-03,Chemical_9 Chemical_62 Chemical_84,Гиричева_ПБ,oTsxqb6PSs
Гродобоев Константин Михаилович,Оксикодон,2021-07-28,Chemical_64 Chemical_33 Chemical_76,Гродобоев_КМ,i8ji94Aleh
Сапетина Марина Дмитриевна,Спазмалгон,1814-12-23,Chemical_39 Chemical_84 Chemical_74,Сапетина_МД,NH1SOrwhSu
Писеева Катерина Богдановна,Амоксиклав,1090-11-18,Chemical_18 Chemical_16 Chemical_47,Писеева_КБ,lkX1XxLss2
Загладин Илья Тимофеевич,Уоллтапс,1441-04-08,Chemical_8 Chemical_75 Chemical_97,Загладин_ИТ,yfcu5lLN9D
Гридаева Елена Олеговна,Кандесартан,1568-03-06,Chemical_39 Chemical_9 Chemical_45,Гридаева_ЕО,beHSyIPj4W
Чармосова Наталия Алексеевна,Сетирозин,1847-05-17,Chemical_88 Chemical_84 Chemical_5,Чармосова_НА,yF6NslgwER
Бешкуров Вячеслав Данилович,Амлодипин,1456-11-04,Chemical_60 Chemical_59 Chemical_39,Бешкуров_ВД,eUpNoNQGR7
Голубкова Ирина Игоревна,Аллопуринол,0983-02-03,Chemical_17 Chemical_4 Chemical_91,Голубкова_ИИ,q7etYU3UOE
Атрохин Павел Юрьевич,Диклофенак,1584-04-11,Chemical_94 Chemical_41 Chemical_3,Атрохин_ПЮ,8F89EOdxnr
Бригина Надежда Федоровна,Ретардин,0908-05-02,Chemical_92 Chemical_37 Chemical_19,Бригина_НФ,pZ71N4sz98
Сернецкая Людмила Валерьевна,Бромгексин,1691-01-16,Chemical_40 Chemical_90 Chemical_12,Сернецкая_ЛВ,EByc5Wz65I
Лутфиева Алина Викторовна,Преднизолон,1239-11-01,Chemical_32 Chemical_68 Chemical_74,Лутфиева_АВ,2jPt39EhBd
Листиков Валентин Михаилович,Виалар,1748-12-27,Chemical_86 Chemical_61 Chemical_8,Листиков_ВМ,Cs9lOdX5Sy
Чилых Виктория Вадимовна,Бисакодил,1585-08-09,Chemical_67 Chemical_26 Chemical_43,Чилых_ВВ,nxonvLcBF4
Химунин Валерий Данилович,Ингавирин,1603-02-02,Chemical_26 Chemical_26 Chemical_65,Химунин_ВД,jOERMyjp3b
Баршикова Оксана Валерьевна,Сетирозин,1412-05-23,Chemical_85 Chemical_2 Chemical_77,Баршикова_ОВ,xpNvvW2vHZ
Ушмодина Людмила Михайловна,Мидокалм,1376-02-03,Chemical_60 Chemical_57 Chemical_23,Ушмодина_ЛМ,vt5m7QNKOu
Сайдышева Софья Никитична,Глюкозамин,1890-06-02,Chemical_45 Chemical_8 Chemical_49,Сайдышева_СН,qHtn8AADpn
Тащенков Дмитрий Денисович,Триптаны,1059-08-28,Chemical_84 Chemical_14 Chemical_9,Тащенков_ДД,e3hCw0ekyD
Сафалова Зинаида Николаевна,Миртазапин,1662-05-17,Chemical_73 Chemical_98 Chemical_51,Сафалова_ЗН,RAWvS3YZzS
Хажкасимов Борис Алексиевич,Живина,1032-08-14,Chemical_54 Chemical_85 Chemical_12,Хажкасимов_БА,EEq6JdNOVu
Куконова Алена Михайловна,Небиволол,1481-10-26,Chemical_74 Chemical_21 Chemical_38,Куконова_АМ,mZuZXT7mev
Борменкова Дарья Василевна,Левотироксин,1643-01-13,Chemical_74 Chemical_17 Chemical_76,Борменкова_ДВ,iIM7wu3ugd
Веденякин Аркадий Иванович,Спазмалгон,1938-09-24,Chemical_93 Chemical_95 Chemical_18,Веденякин_АИ,gEI5neT7SZ
Абубекаров Олег Юриевич,Сертралин,1811-03-08,Chemical_63 Chemical_17 Chemical_13,Абубекаров_ОЮ,C2MUGFjtEK
Лементуев Никита Фёдорович,Пилипен,2012-08-01,Chemical_22 Chemical_31 Chemical_48,Лементуев_НФ,eZd2Zbtqtm
Кашелев Борис Данилович,Метформин,1023-04-07,Chemical_97 Chemical_58 Chemical_29,Кашелев_БД,73ozfserIT
Жилнина Алла Федоровна,Мелатонин,1851-12-10,Chemical_2 Chemical_75 Chemical_77,Жилнина_АФ,W28ZQ1GxvZ
Тряпкин Михаил Денисович,Евалар солгар мультивитамини,1550-02-12,Chemical_65 Chemical_11 Chemical_15,Тряпкин_МД,TqMislp18e
Челочева София Олеговна,Нитросорбид,1780-12-07,Chemical_11 Chemical_48 Chemical_12,Челочева_СО,9lKAXHcG1C
Бульдыгина Кира Михайловна,Рибавирин,1057-06-18,Chemical_57 Chemical_21 Chemical_81,Бульдыгина_КМ,7YhmWAdI2F
Крумина Елизавета Михайловна,Итрафунгол,1612-01-02,Chemical_10 Chemical_73 Chemical_83,Крумина_ЕМ,qu7FjUUAwN
Астрактова Жанна Эдуардовна,Дектанол,1588-06-12,Chemical_89 Chemical_84 Chemical_42,Астрактова_ЖЭ,U6s8RbcYj5
Дугарский Александр Алексеевич,Спазмалгон,1026-06-26,Chemical_62 Chemical_71 Chemical_5,Дугарский_АА,ejW6jSSLqV
Яловкина Елизавета Игоревна,Тикалиптин,1278-05-05,Chemical_23 Chemical_34 Chemical_81,Яловкина_ЕИ,24Cq9gKWMZ
Рукавичкин Григорий Петрович,Бромгексин,1247-10-09,Chemical_15 Chemical_40 Chemical_5,Рукавичкин_ГП,gdPNpPxL5Q
Рубейкин Вячеслав Петрович,Метформин,0949-11-22,Chemical_15 Chemical_58 Chemical_1,Рубейкин_ВП,NwHBWU0b6V
Черкина Катерина Егоровна,Левофлоксацин,1299-10-11,Chemical_18 Chemical_51 Chemical_58,Черкина_КЕ,1G0NgaKWe8
Приданов Вадим Игоревич,Амоксициллин,1511-05-20,Chemical_43 Chemical_88 Chemical_96,Приданов_ВИ,0F1UmSylm5
Шехоболова Светлана Никитична,Железа препараты,1245-05-18,Chemical_45 Chemical_29 Chemical_5,Шехоболова_СН,Jo82kSa1Ls
Навотнева Лиза Богдановна,Кладрибин,1645-05-17,Chemical_82 Chemical_43 Chemical_98,Навотнева_ЛБ,EQy8TWurOM
Балькина Анна Игоревна,Золекс,1744-10-09,Chemical_33 Chemical_16 Chemical_77,Балькина_АИ,OlowEwsI1G
Пудонин Виталий Данилович,Енап,0958-06-13,Chemical_4 Chemical_4 Chemical_92,Пудонин_ВД,1EOKkWZM1C
Самрова Елизавета Евгеньевна,Сертралин,0992-02-25,Chemical_78 Chemical_50 Chemical_12,Самрова_ЕЕ,vkY56TyHoR
Близнюкова Ирина Эдуардовна,Метформин,1034-08-26,Chemical_51 Chemical_60 Chemical_94,Близнюкова_ИЭ,T8tShtdmyn
Мышлин Альберт Иванович,Амоксиклав,1497-03-02,Chemical_100 Chemical_2 Chemical_83,Мышлин_АИ,eSie2l2I3s
Столинская Дарья Викторовна,Алпразолам,1743-11-06,Chemical_75 Chemical_70 Chemical_49,Столинская_ДВ,2NtLxwyStA
Горбецкий Альберт Павлович,Ёжик,0968-10-24,Chemical_79 Chemical_33 Chemical_90,Горбецкий_АП,RSIV8wVJGy
Личутина Екатерина Богдановна,Женьшень,1042-06-18,Chemical_39 Chemical_62 Chemical_89,Личутина_ЕБ,5CWLF1TKJx
Двизов Ярослав Данилович,Амоксиклав,1339-01-01,Chemical_13 Chemical_46 Chemical_26,Двизов_ЯД,g2Rp5B1T4G
Шишулина Анастасия Дмитриевна,Мелоксикам,2001-07-13,Chemical_41 Chemical_68 Chemical_71,Шишулина_АД,jsbGxT97aB
Андрюшина Дарья Кирилловна,Кладрибин,1293-10-04,Chemical_92 Chemical_54 Chemical_82,Андрюшина_ДК,M3oOtfOqoZ
Оршин Антон Аркадиевич,Амитриптилин,1529-08-08,Chemical_91 Chemical_3 Chemical_39,Оршин_АА,2WKgTu6Sfi
Шляпников Иван Максимович,Оксикодон,1128-07-09,Chemical_61 Chemical_27 Chemical_97,Шляпников_ИМ,g0W61XKOan
Самарков Вадим Андреевич,Железа препараты,0956-08-14,Chemical_42 Chemical_30 Chemical_66,Самарков_ВА,uMSA2i252Q
Колужина Виктория Богдановна,Виагра,1683-10-21,Chemical_7 Chemical_14 Chemical_66,Колужина_ВБ,G5txSyz8a2
Баласанов Георгий Данилович,Бетаметазон,1843-03-13,Chemical_45 Chemical_89 Chemical_70,Баласанов_ГД,Z15ADrwRbj
Самолюбов Герасим Вадимович,Бактрим,1297-09-04,Chemical_44 Chemical_21 Chemical_5,Самолюбов_ГВ,dM1SXf3nlJ
Любиров Тарас Яковлевич,Бетаин,1848-08-18,Chemical_81 Chemical_15 Chemical_67,Любиров_ТЯ,MJEwolIU5o
Кочеляева Александра Игоревна,Лоразепам,0989-06-20,Chemical_89 Chemical_40 Chemical_79,Кочеляева_АИ,5ejIQgDC11
Плантюрина Алёна Аркадьевна,Индометацин,1915-06-14,Chemical_64 Chemical_99 Chemical_46,Плантюрина_АА,AAladHpfo3
Мамаикина Лиза Леонидовна,Ретардин,1463-01-27,Chemical_31 Chemical_58 Chemical_82,Мамаикина_ЛЛ,xhpE3ZNMot
Собина Галина Ивановна,Дектанол,1299-01-25,Chemical_87 Chemical_6 Chemical_84,Собина_ГИ,2LXKxqAE11
Антогина Лариса Евгеньевна,Железа препараты,1991-01-07,Chemical_86 Chemical_24 Chemical_78,Антогина_ЛЕ,Mk9mr1evWc
Бандалетов Илья Викторович,Дикарбазин,1977-02-07,Chemical_86 Chemical_12 Chemical_48,Бандалетов_ИВ,zJ2cgs0kjz
Жарченков Николай Евгеньевич,Зинорам,1191-04-27,Chemical_49 Chemical_10 Chemical_23,Жарченков_НЕ,Z6ovvYmktV
Семушин Эдуард Кириллович,Валацикловир,1178-02-21,Chemical_51 Chemical_23 Chemical_78,Семушин_ЭК,pl6PPRO310
Курузаева Анна Алексеевна,Глюкозамин,1860-08-28,Chemical_43 Chemical_89 Chemical_72,Курузаева_АА,9k1Vw7Wupe
Худеньких Вадим Максимович,Амоксициллин,1986-02-21,Chemical_15 Chemical_41 Chemical_84,Худеньких_ВМ,GjRb4vVcYv
Щучина Галина Эдуардовна,Дексаметазон,1181-07-23,Chemical_37 Chemical_89 Chemical_64,Щучина_ГЭ,o0v0AibDid
Чарышкин Игорь Денисович,Рамиприл,1092-10-21,Chemical_41 Chemical_65 Chemical_60,Чарышкин_ИД,8x0fClTtGF
Желнеронов Георгий Тимофеевич,Аллопуринол,1955-12-21,Chemical_96 Chemical_44 Chemical_73,Желнеронов_ГТ,NeGNc9K9Xs
Тенлев Федор Игоревич,Омега-3 кислоты,1389-01-20,Chemical_60 Chemical_79 Chemical_80,Тенлев_ФИ,3vMYGxNvAF
Дохин Борис Антонович,Левотироксин,1765-05-21,Chemical_86 Chemical_69 Chemical_98,Дохин_БА,mqKR897vnX
Аляудинова Яна Аркадьевна,Дуодарт,0926-11-12,Chemical_81 Chemical_28 Chemical_46,Аляудинова_ЯА,BbaV0tdc35
Вотова Лариса Олеговна,Линезолид,1245-11-26,Chemical_82 Chemical_82 Chemical_78,Вотова_ЛО,QH94pIcYdW
Рыжекова Алиса Богдановна,Сетирозин,1531-11-26,Chemical_2 Chemical_6 Chemical_37,Рыжекова_АБ,6lQfwTm4Vr
Муренкаева Елизавета Аркадьевна,Омега-3 кислоты,0912-07-22,Chemical_81 Chemical_59 Chemical_73,Муренкаева_ЕА,KVe64tyklV
Мокрышева Зинаида Вадимовна,Бетаметазон,1935-10-15,Chemical_36 Chemical_91 Chemical_93,Мокрышева_ЗВ,ik5TG1LTVE
Дащинский Ярослав Данилович,Мидокалм,1198-09-04,Chemical_66 Chemical_33 Chemical_93,Дащинский_ЯД,W108PpVp6f
Полванова Клавдия Олеговна,Спазмалгон,1544-04-05,Chemical_73 Chemical_90 Chemical_64,Полванова_КО,pO9s5t0oeR
Мираков Михаил Алексиевич,Росувастатин,1424-02-15,Chemical_45 Chemical_6 Chemical_78,Мираков_МА,r2bQQSlJAu
Коненкина Софья Леонидовна,Дектанол,1878-10-03,Chemical_24 Chemical_45 Chemical_72,Коненкина_СЛ,lK46oafNM7
Лисанский Илья Максимович,Индометацин,1653-09-17,Chemical_42 Chemical_85 Chemical_96,Лисанский_ИМ,DqT3WRb0gJ
Домашников Яков Юрьевич,Ингавирин,1222-03-06,Chemical_52 Chemical_85 Chemical_87,Домашников_ЯЮ,mkH8xM796I
Трошнин Павел Денисович,Парацетамол,1410-10-14,Chemical_75 Chemical_4 Chemical_52,Трошнин_ПД,oortD688Ck
Акимочкина Александра Аркадьевна,Ниссан,1755-10-23,Chemical_13 Chemical_37 Chemical_50,Акимочкина_АА,kg3hPMKQ1o
Бушина Софья Олеговна,Глюкозамин,1262-08-12,Chemical_62 Chemical_31 Chemical_84,Бушина_СО,Il1FShOHNw
Коптикова Раиса Вадимовна,Небиволол,1613-07-27,Chemical_54 Chemical_59 Chemical_29,Коптикова_РВ,ug3HtxSNHa
Матюшова Надежда Василевна,Сульфасалазин,1362-08-01,Chemical_95 Chemical_17 Chemical_93,Матюшова_НВ,fv86cfG3Bf
Яйцев Григорий Петрович,Алпразолам,1829-04-02,Chemical_100 Chemical_29 Chemical_69,Яйцев_ГП,tCorVh8suv
Пырькова Алина Викторовна,Вальтрекс,1704-12-07,Chemical_36 Chemical_68 Chemical_52,Пырькова_АВ,6XKarO9s3v
Епанчина Клавдия Борисовна,Кладрибин,1451-07-16,Chemical_28 Chemical_71 Chemical_67,Епанчина_КБ,tmaQ2gX1k8
Михеюшкин Яков Игоревич,Тикалиптин,0905-03-24,Chemical_72 Chemical_18 Chemical_7,Михеюшкин_ЯИ,osrhWI5faf
Гнуздев Евгений Яковлевич,Золедроновая кислота,2002-09-15,Chemical_27 Chemical_15 Chemical_14,Гнуздев_ЕЯ,H9XizgkCEz
Мятченкова Евгения Сергеевна,Омепразол,1273-04-07,Chemical_23 Chemical_29 Chemical_48,Мятченкова_ЕС,R2fFr65DiX
Оруджалиев Герасим Данилович,Рамиприл,0916-05-19,Chemical_33 Chemical_36 Chemical_98,Оруджалиев_ГД,zX4tHKgDDs
Зыбинов Борис Тимофеевич,Парацетамол,1184-05-26,Chemical_41 Chemical_15 Chemical_54,Зыбинов_БТ,VtnIPq1gmQ
Лужинская Евгения Евгеньевна,Росувастатин,1217-08-04,Chemical_28 Chemical_3 Chemical_32,Лужинская_ЕЕ,1lXPtdFC9w
Типтева София Богдановна,Омепразол,1056-08-24,Chemical_28 Chemical_97 Chemical_54,Типтева_СБ,irxwKXoo4u
Маслеева Ольга Петровна,Пропанолол,1624-06-15,Chemical_63 Chemical_10 Chemical_59,Маслеева_ОП,xxsFiEs5CQ
Чумакаев Денис Юриевич,Сульфасалазин,1852-09-27,Chemical_75 Chemical_27 Chemical_11,Чумакаев_ДЮ,QXqS33oT5I
Микрюков Аркадий Антонович,Урсофальк,1797-03-12,Chemical_92 Chemical_86 Chemical_95,Микрюков_АА,0669GCLSzZ
Пигунова Елизавета Федоровна,Триптаны,1546-12-10,Chemical_14 Chemical_68 Chemical_42,Пигунова_ЕФ,c70co8MUlv
Ящикова Елизавета Максимовна,Бензоилпероксид,1887-05-26,Chemical_5 Chemical_18 Chemical_3,Ящикова_ЕМ,cSmRun5rBA
Аиненков Роман Леонидович,Мелатонин,1625-10-28,Chemical_77 Chemical_76 Chemical_24,Аиненков_РЛ,C3D0AAzpum
Даданина Ксения Максимовна,Енап,0984-11-05,Chemical_4 Chemical_7 Chemical_89,Даданина_КМ,Z3gUZIqRaJ
Вазильева Марина Яковлевна,Валацикловир,1000-10-15,Chemical_31 Chemical_53 Chemical_1,Вазильева_МЯ,jr0VoFDKb8
Колокатов Владислав Вадимович,Лоразепам,1731-01-12,Chemical_63 Chemical_47 Chemical_21,Колокатов_ВВ,wnUqOFLbl2
Мадаминова Валерия Валерьевна,Транексамовая кислота,1219-09-11,Chemical_8 Chemical_80 Chemical_62,Мадаминова_ВВ,bTAXTo92Ds
Ловгинская Оксана Богдановна,Итрафунгол,1517-02-21,Chemical_94 Chemical_29 Chemical_18,Ловгинская_ОБ,8Hx1XQgBWM
Копнин Роман Юрьевич,Протоник,1148-05-10,Chemical_30 Chemical_53 Chemical_37,Копнин_РЮ,EWxRqgHut2
Бызин Александр Олегович,Тикалиптин,0953-10-01,Chemical_93 Chemical_26 Chemical_28,Бызин_АО,l25tlkvbZb
Валяскина Раиса Леонидовна,Агонал,1355-01-24,Chemical_67 Chemical_61 Chemical_3,Валяскина_РЛ,5Qo7RshHM6
Щекина Евгения Федоровна,Азитромицин,1555-01-19,Chemical_76 Chemical_69 Chemical_76,Щекина_ЕФ,4DmffbqYvB
Лучшев Федор Алексеевич,Омега-3 кислоты,1231-01-14,Chemical_58 Chemical_87 Chemical_97,Лучшев_ФА,zerZCnFRa0
Хубежев Никита Борисович,Небиволол,1175-06-13,Chemical_16 Chemical_71 Chemical_7,Хубежев_НБ,P6Pa135k6C
Агакишиев Степан Алексеевич,Мифепристон,1911-06-06,Chemical_54 Chemical_89 Chemical_44,Агакишиев_СА,ve7muAFRyP
Сгонников Михаил Кириллович,Ингавирин,1463-01-04,Chemical_67 Chemical_21 Chemical_35,Сгонников_МК,A5VBqbxxp2
Гермоченов Аркадий Леонидович,Кетопрофен,1948-11-11,Chemical_74 Chemical_47 Chemical_87,Гермоченов_АЛ,cTJvsNX3OS
Анисинкова Катерина Аркадьевна,Золаир,1414-12-11,Chemical_95 Chemical_7 Chemical_50,Анисинкова_КА,giJ048sxSe
Тормасова Клавдия Дмитриевна,Омепразол,1559-05-19,Chemical_43 Chemical_18 Chemical_54,Тормасова_КД,LQWUuonb1T
Беклев Семён Яковлевич,Золедроновая кислота,1022-11-17,Chemical_54 Chemical_97 Chemical_80,Беклев_СЯ,K7ZSitBSfO
Лузинов Вадим Михаилович,Дектанол,1537-12-04,Chemical_16 Chemical_83 Chemical_46,Лузинов_ВМ,4tqpUhC2H6
Мизельков Дмитрий Викторович,Виагра,1414-09-17,Chemical_29 Chemical_76 Chemical_67,Мизельков_ДВ,eOUHJZtS3R
Роговский Вадим Алексиевич,Иммунивит,1813-09-12,Chemical_99 Chemical_11 Chemical_30,Роговский_ВА,pCwK0K2By7
Затолопин Семён Олегович,Жасмин,1988-08-23,Chemical_86 Chemical_34 Chemical_26,Затолопин_СО,bmXBx1EpUd
Кущенкова Алиса Михайловна,Бисопролол,1176-03-21,Chemical_77 Chemical_92 Chemical_31,Кущенкова_АМ,s5YN6CfHxw
Хвощинская Катерина Федоровна,Золаир,0984-06-19,Chemical_8 Chemical_80 Chemical_30,Хвощинская_КФ,Gz9yU4WNM7
Шадыкина Кристина Яковлевна,Габапентин,1115-03-22,Chemical_18 Chemical_15 Chemical_92,Шадыкина_КЯ,EE4h7Sup4Y
Полхова Лариса Богдановна,Диклофенак,1391-04-27,Chemical_99 Chemical_70 Chemical_85,Полхова_ЛБ,jwWUVcK0UO
Капланская Кристина Дмитриевна,Золекс,1616-09-13,Chemical_79 Chemical_52 Chemical_79,Капланская_КД,XMNp4Dt97Z
Чушева Лиза Кирилловна,Кетопрофен,1839-02-24,Chemical_6 Chemical_55 Chemical_56,Чушева_ЛК,RD13G4XpmP
Ахмярова Вероника Михайловна,Виагра,1363-05-21,Chemical_26 Chemical_28 Chemical_42,Ахмярова_ВМ,fYKYo1K8Vx
Ксынкин Кирилл Олегович,Евалар солгар мультивитамини,1915-03-18,Chemical_16 Chemical_27 Chemical_70,Ксынкин_КО,pKsRwAw9h6
Лантюгов Анатолий Адамович,Левофлоксацин,1760-06-01,Chemical_21 Chemical_72 Chemical_4,Лантюгов_АА,ZNo6hGjbZk
Бложкина Анна Ивановна,Норматен,1557-07-05,Chemical_51 Chemical_67 Chemical_53,Бложкина_АИ,A4kZzQ7NP3
Гейдаров Артур Викторович,Бензоилпероксид,1251-01-09,Chemical_71 Chemical_94 Chemical_67,Гейдаров_АВ,1t3kcIvnZp
Челинцев Александр Максимович,Алпразолам,1971-11-07,Chemical_52 Chemical_53 Chemical_81,Челинцев_АМ,eOhBU4Umow
Горшенин Анатолий Фёдорович,Нимесулид,1976-01-19,Chemical_7 Chemical_38 Chemical_13,Горшенин_АФ,3nViKR4SgR
Гомбожапов Андрей Юриевич,Пентоксифиллин,1060-03-13,Chemical_82 Chemical_78 Chemical_67,Гомбожапов_АЮ,9ytJ8kpz5X
Беларова Вероника Михайловна,Бензоилпероксид,0979-04-08,Chemical_86 Chemical_62 Chemical_41,Беларова_ВМ,N9vdxKVhDE
Шестимиров Михаил Фёдорович,Железа препараты,1887-03-13,Chemical_87 Chemical_67 Chemical_20,Шестимиров_МФ,xtb5QbjOk2
Масульская Инна Максимовна,Оланзапин,1286-04-02,Chemical_18 Chemical_9 Chemical_77,Масульская_ИМ,UR1Ug13bjB
Сергушова Ева Викторовна,Железа препараты,1858-03-15,Chemical_30 Chemical_69 Chemical_24,Сергушова_ЕВ,14vNogVGM1
Свецкая Наталья Ивановна,Диклофенак,1296-10-17,Chemical_63 Chemical_31 Chemical_40,Свецкая_НИ,vd76NG7DzA
Пудинова Мария Андреевна,Сетирозин,0961-06-17,Chemical_26 Chemical_95 Chemical_60,Пудинова_МА,cGLe5YaMXP
Тихнова Ольга Богдановна,Глюкозамин,1124-07-15,Chemical_86 Chemical_62 Chemical_81,Тихнова_ОБ,Wu82YDHn5f
Кофтерова Алёна Никитична,Левотироксин,1268-01-22,Chemical_99 Chemical_59 Chemical_84,Кофтерова_АН,xKqzV6OfTv
Модоров Яков Фёдорович,Агонал,1157-01-26,Chemical_43 Chemical_32 Chemical_25,Модоров_ЯФ,DGr8OiOIiU
